{
	"inputs":[[-2.0293,-0.0987,-0.1248,-9.5094,-0.0005,0.0011,-0.0003,-0.0006,1.5259,0.9853,0.4328,-0.0356,-0.0624,-1.1794,-0.0003,-0.0001,-0.0002]],
	"outputs": [[487.958430726911,555.772648524756,323.105689914246,28.8705466188724]],
	"targets":[[0,472.908918282208,0,0]]
}